iot-ontology-summary.PrivacyRelatedCause,iot-ontology-summary.privacyrelatedcause1,1017,sci-news.com
iot-ontology-summary.PrivacyRelatedCause,iot-ontology-summary.privacyrelatedcause2,1028,redorbit.com
iot-ontology-summary.PrivacyRelatedCause,iot-ontology-summary.privacyrelatedcause3,1028,redorbit.com
iot-ontology-summary.PrivacyRelatedCause,iot-ontology-summary.privacyrelatedcause4,105,amazon.com
iot-ontology-summary.PrivacyRelatedCause,iot-ontology-summary.privacyrelatedcause5,105,amazon.com
iot-ontology-summary.PrivacyRelatedCause,iot-ontology-summary.privacyrelatedcause6,1070,wnep.com
iot-ontology-summary.PrivacyRelatedCause,iot-ontology-summary.privacyrelatedcause7,1070,wnep.com
iot-ontology-summary.PrivacyRelatedCause,iot-ontology-summary.privacyrelatedcause8,1083,highgearmedia.com
iot-ontology-summary.PrivacyRelatedCause,iot-ontology-summary.privacyrelatedcause9,1083,highgearmedia.com
iot-ontology-summary.PrivacyRelatedCause,iot-ontology-summary.privacyrelatedcause10,1099,enthusiastnetwork.com
iot-ontology-summary.PrivacyRelatedCause,iot-ontology-summary.privacyrelatedcause11,1106,allstate.com
iot-ontology-summary.PrivacyRelatedCause,iot-ontology-summary.privacyrelatedcause12,1468,rockstargames.com
iot-ontology-summary.PrivacyRelatedCause,iot-ontology-summary.privacyrelatedcause13,1468,rockstargames.com
iot-ontology-summary.PrivacyRelatedCause,iot-ontology-summary.privacyrelatedcause14,1468,rockstargames.com
iot-ontology-summary.PrivacyRelatedCause,iot-ontology-summary.privacyrelatedcause15,1468,rockstargames.com
iot-ontology-summary.PrivacyRelatedCause,iot-ontology-summary.privacyrelatedcause16,1468,rockstargames.com
iot-ontology-summary.PrivacyRelatedCause,iot-ontology-summary.privacyrelatedcause17,1510,jibjab.com
iot-ontology-summary.PrivacyRelatedCause,iot-ontology-summary.privacyrelatedcause18,1510,jibjab.com
iot-ontology-summary.PrivacyRelatedCause,iot-ontology-summary.privacyrelatedcause19,1510,jibjab.com
iot-ontology-summary.PrivacyRelatedCause,iot-ontology-summary.privacyrelatedcause20,1510,jibjab.com
iot-ontology-summary.PrivacyRelatedCause,iot-ontology-summary.privacyrelatedcause21,1510,jibjab.com
iot-ontology-summary.PrivacyRelatedCause,iot-ontology-summary.privacyrelatedcause22,1636,sidearmsports.com
iot-ontology-summary.PrivacyRelatedCause,iot-ontology-summary.privacyrelatedcause23,1636,sidearmsports.com
iot-ontology-summary.PrivacyRelatedCause,iot-ontology-summary.privacyrelatedcause24,1636,sidearmsports.com
iot-ontology-summary.PrivacyRelatedCause,iot-ontology-summary.privacyrelatedcause25,164,adweek.com
iot-ontology-summary.PrivacyRelatedCause,iot-ontology-summary.privacyrelatedcause26,1673,tulsaworld.com
iot-ontology-summary.PrivacyRelatedCause,iot-ontology-summary.privacyrelatedcause27,1713,latinpost.com
iot-ontology-summary.PrivacyRelatedCause,iot-ontology-summary.privacyrelatedcause28,1713,latinpost.com
iot-ontology-summary.PrivacyRelatedCause,iot-ontology-summary.privacyrelatedcause29,1713,latinpost.com
iot-ontology-summary.PrivacyRelatedCause,iot-ontology-summary.privacyrelatedcause30,1713,latinpost.com
iot-ontology-summary.PrivacyRelatedCause,iot-ontology-summary.privacyrelatedcause31,186,abcnews.com
iot-ontology-summary.PrivacyRelatedCause,iot-ontology-summary.privacyrelatedcause32,20,theatlantic.com
iot-ontology-summary.PrivacyRelatedCause,iot-ontology-summary.privacyrelatedcause33,21,imdb.com
iot-ontology-summary.PrivacyRelatedCause,iot-ontology-summary.privacyrelatedcause34,21,imdb.com
iot-ontology-summary.PrivacyRelatedCause,iot-ontology-summary.privacyrelatedcause35,32,voxmedia.com
iot-ontology-summary.PrivacyRelatedCause,iot-ontology-summary.privacyrelatedcause36,32,voxmedia.com
iot-ontology-summary.PrivacyRelatedCause,iot-ontology-summary.privacyrelatedcause37,359,vikings.com
iot-ontology-summary.PrivacyRelatedCause,iot-ontology-summary.privacyrelatedcause38,359,vikings.com
iot-ontology-summary.PrivacyRelatedCause,iot-ontology-summary.privacyrelatedcause39,394,newsbusters.org
iot-ontology-summary.PrivacyRelatedCause,iot-ontology-summary.privacyrelatedcause40,414,washingtonian.com
iot-ontology-summary.PrivacyRelatedCause,iot-ontology-summary.privacyrelatedcause41,453,barnesandnoble.com
iot-ontology-summary.PrivacyRelatedCause,iot-ontology-summary.privacyrelatedcause42,453,barnesandnoble.com
iot-ontology-summary.PrivacyRelatedCause,iot-ontology-summary.privacyrelatedcause43,58,esquire.com
iot-ontology-summary.PrivacyRelatedCause,iot-ontology-summary.privacyrelatedcause44,58,esquire.com
iot-ontology-summary.PrivacyRelatedCause,iot-ontology-summary.privacyrelatedcause45,591,google.com
iot-ontology-summary.PrivacyRelatedCause,iot-ontology-summary.privacyrelatedcause46,591,google.com
iot-ontology-summary.PrivacyRelatedCause,iot-ontology-summary.privacyrelatedcause47,591,google.com
iot-ontology-summary.PrivacyRelatedCause,iot-ontology-summary.privacyrelatedcause48,591,google.com
iot-ontology-summary.PrivacyRelatedCause,iot-ontology-summary.privacyrelatedcause49,627,dairyqueen.com
iot-ontology-summary.PrivacyRelatedCause,iot-ontology-summary.privacyrelatedcause50,635,playstation.com
iot-ontology-summary.PrivacyRelatedCause,iot-ontology-summary.privacyrelatedcause51,635,playstation.com
iot-ontology-summary.PrivacyRelatedCause,iot-ontology-summary.privacyrelatedcause52,635,playstation.com
iot-ontology-summary.PrivacyRelatedCause,iot-ontology-summary.privacyrelatedcause53,652,randomhouse.com
iot-ontology-summary.PrivacyRelatedCause,iot-ontology-summary.privacyrelatedcause54,940,internetbrands.com
iot-ontology-summary.PrivacyRelatedCause,iot-ontology-summary.privacyrelatedcause55,940,internetbrands.com
iot-ontology-summary.NonPrivacyRelatedCause,iot-ontology-summary.nonprivacyrelatedcause1,164,adweek.com
iot-ontology-summary.NonPrivacyRelatedCause,iot-ontology-summary.nonprivacyrelatedcause2,1713,latinpost.com
iot-ontology-summary.NonPrivacyRelatedCause,iot-ontology-summary.nonprivacyrelatedcause3,591,google.com
iot-ontology-summary.MergeAcquisitionCause,iot-ontology-summary.mergeacquisitioncause1,1028,redorbit.com
iot-ontology-summary.OtherPolicyChangeCause,iot-ontology-summary.otherpolicychangecause1,1205,opensecrets.org
iot-ontology-summary.OtherPolicyChangeCause,iot-ontology-summary.otherpolicychangecause2,20,theatlantic.com
iot-ontology-summary.OtherPolicyChangeCause,iot-ontology-summary.otherpolicychangecause3,33,nbcuniversal.com
